Workbook

Sheet 00_Input
A1: Name | B1: Wert | C1: Einheit | D1: Beschreibung
A2: dt_h | B2: 0.25 | C2: h | D2: Zeitschritt
A6: E_bat_max_MWh | C6: MWh | D6: Batteriespeicher-Kapazität
A7: P_bat_max_MW | C7: MWh | D7: max. Batterieladeleistung
A8: eta_bat_ch | D8: Lade-Wirkungsgrad
A9: eta_bat_dis | D9: Entlade-Wirkungsgrad
A10: E_bat_init_MWh | C10: MWh | D10: Batterie-Initialisierungs_SOC
A12: E_psw_max_MWh | C12: MWh | D12: PSW-Kapazität
A13: P_psw_max_MW | C13: MWh | D13: PSW-Ladeleistung
A14: eta_psw_ch | D14: PSW_Lade-Wirkungsgrad
A15: eta_psw_dis | D15: PSW-Entlade-Wirkungsgrad
A16: E_psw_init_MWh | C16: MWh | D16: PSW-Initialisierungs_SOC
A18: P_ely_max_MW | C18: MW | D18: Elektrolyse-Leistung
A19: eta_ely | D19: Elektrolyse-Wirkungsgrad
A20: E_h2_max_MWh_H2 | C20: MWh | D20: Wasserstoff-Kapazität
A21: E_h2_init_MWh_H2 | C21: MWh | D21: H2-Initialisierungs-SOC
A22: P_h2gt_max_MW | C22: MW | D22: Rückverstromung-Leistungs
A23: eta_h2gt | D23: Rückverstromung-Wirkungsgrad
A25: P_h2_import_max_MW_H2 | C25: MW | D25: Maximaler Import-Wert
A26: cost_h2_import_per_MWh_H2 | C26: €/MWh | D26: H2 Kosten pro MWh
A27: h2_import_priority | D27: Wasserstoffpriorisering aktiv (0||1), true/false, 0: alte Logik (erst Elektrolyse, wenn Pumpspeicher voll sind), 1: Elektrolyseure laufen dauerhaft mit Vollleistung
A29: window_h | B29: 48 | C29: h | D29: Analysefenster Dunkelflaute
A30: W_rows | B30: =B29/B2 -> 192 | C30: 1/4h | D30: Zeitschritte Analysefenster
A31: df_threshold | C31: MW | D31: Schwellenwert für df-Erkennung, gemittelter Leistungswert über 48h
A33: P_gas_el_max_MW | C33: MW | D33: Maximale Leistung Gaskraftwerke
A35: P_gas_import_max_MW_therm | D35: Maximaler GasImport in DF
A36: gas_import_ok | D36: Schalter Gasimport
A37: cost_gas_import_perMWh | C37: €/MWh | D37: Gaspreis

Sheet 01_TimeSeries
A1: t | B1: timestamp | C1: Load_MW | D1: RES_MW

Sheet 02_Dispatch
A1: t | B1: Load | C1: RES | D1: Residual | E1: P_ely_target | F1: P_ely_gap_need | G1: Bat_dis_for_ely | H1: PSW_dis_for_ely | I1: P_ely_real | J1: H2_prod | K1: E_bat | L1: E_psw | M1: E_h2 | N1: Def_after_ely | O1: P_h2gt_el | P1: H2_cons_for_power | Q1: H2_from_storage | R1: H2_import_for_power | S1: H2_import_to_storage | T1: Unserved_el | U1: RESratio_W | V1: DF_flag | W1: P_h2gt_el_real | X1: Sur_after_ely | Y1: Bat_ch_after | Z1: PSW_ch_after | AA1: Def_after_H2 | AB1: P_gas_el | AC1: P_gas_th | AD1: Gas_import_th | AE1: Unserved_final | AF1: P_gas_el_real
A2: ='01_TimeSeries'!A2 -> 0 | B2: ='01_TimeSeries'!C2 -> 0 | C2: ='01_TimeSeries'!D2 -> 0 | D2: =B2-C2 -> 0 | E2: ='00_Input'!B18 -> 0 | F2: =MAX(0, E2 + D2) -> 0 | G2: =MIN('00_Input'!B7, K2/'00_Input'!B2, F2) -> 0 | H2: =MIN('00_Input'!B13, L2/'00_Input'!B2, MAX(0, F2-G2)) -> 0 | I2: =MAX(0, E2 - MAX(0, F2-G2-H2)) -> 0 | J2: ='00_Input'!B19*I2*'00_Input'!B2 -> 0 | K2: ='00_Input'!B10 -> 0 | L2: ='00_Input'!B16 -> 0 | M2: ='00_Input'!B21 -> 0 | N2: =MAX(0, D2 + I2 - G2 - H2) -> 0 | O2: =MIN('00_Input'!B22, '00_Input'!B23*(M2/'00_Input'!B2), N2) -> 0 | P2: =O2/'00_Input'!B23*'00_Input'!B2 -> #DIV/0! | Q2: MIN(M2; P2) | R2: =MIN('00_Input'!B25*'00_Input'!B2, MAX(0, P2-Q2)) -> #DIV/0! | S2: =MAX(0, MIN('00_Input'!B25*'00_Input'!B2 - R2, '00_Input'!B20 - M2)) -> #DIV/0! | T2: =MAX(0, N2 - W2) -> #VALUE! | U2: =IF(A2<'00_Input'!B30, "", AVERAGE(OFFSET(C2, -'00_Input'!B30+1, 0, '00_Input'!B30, 1)) / AVERAGE(OFFSET(B2, -'00_Input'!B30+1, 0, '00_Input'!B30, 1))) | V2: =IF(U2="", "", IF(U2<'00_Input'!B31, 1, 0)) | W2: =MIN(O2, '00_Input'!B23*(Q2+R2)/'00_Input'!B2) -> #VALUE! | X2: =MAX(0, -D2 - I2 + G2 + H2) -> 0 | Y2: =MIN('00_Input'!B7, ('00_Input'!B6-K2)/'00_Input'!B2, X2) -> 0 | Z2: =MIN('00_Input'!B13, ('00_Input'!B12-L2)/'00_Input'!B2, MAX(0, X2-Y2)) -> 0 | AA2: =MAX(0, N2 - W2) -> #VALUE! | AB2: =MIN('00_Input'!B33, AA2) -> #VALUE! | AC2: =AB2/'00_Input'!B34 -> #VALUE! | AD2: =MIN('00_Input'!B35, AC2) -> #VALUE! | AE2: ok dann schi | AF2: =AD2*'00_Input'!B34 -> #VALUE!
K3: =MAX(0, MIN('00_Input'!B6, K2 + '00_Input'!B8*Y3*'00_Input'!B2 - (1/'00_Input'!B9)*G3*'00_Input'!B2)) -> #DIV/0! | L3: =MAX(0, MIN('00_Input'!B12, L2 + '00_Input'!B14*Z3*'00_Input'!B2 - (1/'00_Input'!B15)*H3*'00_Input'!B2)) -> #DIV/0! | M3: =MAX(0, MIN('00_Input'!B20, M2 + J3 + S3 - Q3)) -> 0 | AA3: =MAX(0, N3 - W3) -> 0
